tick,total_infected,total_recovered,total_dead,total_healthy,hot_region_infected,cold_region_infected,moderate_region_infected,airport_usage,port_usage,num_isolated_countries,num_affected_countries,most_affected_country,most_deaths_country,hot_region_transmission_rate,cold_region_transmission_rate,moderate_region_transmission_rate,cross_border_infections,within_country_infections
0,1,0,0,11567,0,0,1,0,106,0,1,Romania,,0,0,3.3760972316002703E-4,0,1
1,3,0,0,11565,0,0,3,0,157,0,1,Romania,,0,0,0.001012829169480081,0,3
2,5,0,0,11563,0,0,5,0,177,0,1,Romania,,0,0,0.001688048615800135,0,5
3,6,0,0,11562,0,0,6,0,195,0,1,Romania,,0,0,0.002025658338960162,0,6
4,8,0,0,11560,0,0,8,0,206,0,1,Romania,,0,0,0.0027008777852802163,0,8
5,8,0,0,11560,0,0,8,0,223,0,1,Romania,,0,0,0.0027008777852802163,0,8
6,8,0,0,11560,0,0,8,0,237,0,1,Romania,,0,0,0.0027008777852802163,0,8
7,9,0,0,11559,0,0,9,0,248,0,1,Romania,,0,0,0.003038487508440243,0,9
8,10,0,0,11558,0,0,10,0,261,0,2,Romania,,0,0,0.00337609723160027,0,10
9,17,0,0,11551,0,0,17,0,274,0,4,Romania,,0,0,0.005739365293720459,0,17
10,23,0,0,11545,0,0,23,0,311,0,4,Romania,,0,0,0.007765023632680621,0,23
11,26,0,0,11542,0,1,25,0,332,0,5,Romania,,0,5.060728744939271E-4,0.008440243079000676,0,26
12,35,0,0,11533,0,6,29,0,354,0,5,Romania,,0,0.003036437246963563,0.009790681971640782,0,35
13,40,0,0,11528,0,7,33,0,374,0,5,Romania,,0,0.00354251012145749,0.01114112086428089,0,40
14,49,0,0,11519,0,8,41,0,385,0,6,Romania,,0,0.004048582995951417,0.013841998649561107,0,49
15,51,0,0,11517,0,8,43,0,402,0,6,Romania,,0,0.004048582995951417,0.01451721809588116,0,51
16,53,0,0,11515,0,8,45,0,412,0,6,Romania,,0,0.004048582995951417,0.015192437542201216,0,53
17,58,0,0,11510,0,9,49,0,427,0,6,Romania,,0,0.004554655870445344,0.016542876434841324,0,58
18,66,0,0,11502,0,13,53,0,444,0,7,Romania,,0,0.006578947368421052,0.01789331532748143,0,66
19,71,0,0,11497,0,14,57,0,464,0,7,Romania,,0,0.00708502024291498,0.01924375422012154,0,71
20,73,0,0,11495,0,15,58,0,483,0,7,Romania,,0,0.0075910931174089065,0.019581363943281565,0,73
21,78,0,0,11490,0,18,60,0,510,0,8,Romania,,0,0.009109311740890687,0.02025658338960162,0,78
22,83,0,0,11485,0,22,61,0,526,0,9,Romania,,0,0.011133603238866396,0.020594193112761647,0,83
23,86,1,0,11481,0,24,62,0,539,0,9,Romania,,0,0.012145748987854251,0.020931802835921675,1,85
24,91,1,0,11476,1,26,64,0,557,0,10,Romania,,1.5082956259426848E-4,0.013157894736842105,0.02160702228224173,1,90
25,100,1,0,11467,2,28,70,0,572,0,11,Romania,,3.0165912518853697E-4,0.01417004048582996,0.02363268062120189,2,98
26,111,1,0,11456,3,31,77,0,584,0,11,Romania,,4.5248868778280545E-4,0.01568825910931174,0.02599594868332208,2,109
27,122,1,0,11445,3,33,86,0,601,0,11,Ukraine,,4.5248868778280545E-4,0.016700404858299597,0.02903443619176232,3,119
28,127,4,0,11437,4,36,87,0,610,0,11,Ukraine,,6.033182503770739E-4,0.018218623481781375,0.02937204591492235,3,124
29,138,5,0,11425,5,39,94,0,632,0,12,Ukraine,,7.541478129713424E-4,0.019736842105263157,0.03173531397704254,3,135
30,148,8,0,11412,8,40,100,0,646,0,13,Ukraine,,0.0012066365007541479,0.020242914979757085,0.0337609723160027,4,144
31,161,9,0,11398,10,44,107,0,662,0,13,Ukraine,,0.0015082956259426848,0.022267206477732792,0.03612424037812289,5,156
32,163,15,0,11390,12,46,105,0,680,0,14,Ukraine,,0.0018099547511312218,0.02327935222672065,0.035449020931802834,8,155
33,170,18,0,11380,15,50,105,0,699,0,15,Ukraine,,0.0022624434389140274,0.025303643724696356,0.035449020931802834,11,159
34,173,21,0,11374,17,50,106,0,710,0,16,Ukraine,,0.002564102564102564,0.025303643724696356,0.03578663065496286,15,158
35,178,22,0,11368,18,52,108,0,725,0,16,Ukraine,,0.0027149321266968325,0.02631578947368421,0.03646185010128292,15,163
36,183,26,0,11359,20,54,109,0,742,0,20,Ukraine,,0.0030165912518853697,0.027327935222672066,0.036799459824442944,16,167
37,190,27,0,11351,20,55,115,0,763,0,24,Ukraine,,0.0030165912518853697,0.02783400809716599,0.03882511816340311,19,171
38,201,29,0,11338,24,56,121,0,772,0,24,Ukraine,,0.0036199095022624436,0.02834008097165992,0.04085077650236327,21,180
39,210,32,0,11326,25,58,127,0,787,0,23,Ukraine,,0.003770739064856712,0.029352226720647773,0.04287643484132343,23,187
40,214,35,1,11318,28,58,128,0,802,0,25,Ukraine,Kosovo,0.004223227752639517,0.029352226720647773,0.04321404456448346,26,188
41,224,41,2,11301,35,57,132,0,818,0,27,Ukraine,Kosovo,0.005279034690799397,0.028846153846153848,0.04456448345712356,26,198
42,236,42,3,11287,39,59,138,0,833,0,29,Ukraine,Romania,0.0058823529411764705,0.0298582995951417,0.04659014179608373,27,209
43,249,43,4,11272,43,59,147,0,851,0,29,Ukraine,Turkey,0.006485671191553545,0.0298582995951417,0.04962862930452397,28,221
44,262,44,4,11258,49,60,153,0,863,0,29,Ukraine,Turkey,0.007390648567119155,0.030364372469635626,0.051654287643484134,28,234
45,274,50,5,11239,52,60,162,0,878,0,30,Ukraine,Turkey,0.00784313725490196,0.030364372469635626,0.054692775151924375,33,241
46,299,54,5,11210,59,60,180,0,892,0,30,Ukraine,Turkey,0.00889894419306184,0.030364372469635626,0.06076975016880486,37,262
47,328,56,5,11179,67,64,197,0,904,0,32,Ukraine,Romania,0.010105580693815988,0.032388663967611336,0.06650911546252532,42,286
48,369,60,6,11133,91,65,213,0,917,0,34,Ukraine,Ukraine,0.013725490196078431,0.03289473684210526,0.07191087103308576,49,320
49,420,67,6,11075,117,68,235,0,928,0,35,China,Ukraine,0.01764705882352941,0.03441295546558704,0.07933828494260635,50,370
50,470,73,8,11017,154,70,246,0,941,0,36,India,Romania,0.023227752639517346,0.0354251012145749,0.08305199189736664,48,422
51,540,80,9,10939,203,69,268,0,951,0,37,India,Romania,0.0306184012066365,0.034919028340080975,0.09047940580688724,47,493
52,627,82,9,10850,255,72,300,0,965,0,38,India,Romania,0.038461538461538464,0.03643724696356275,0.1012829169480081,51,576
53,720,91,10,10747,318,73,329,0,977,0,39,India,Ukraine,0.04796380090497738,0.03694331983805668,0.11107359891964888,53,667
54,810,99,11,10648,370,75,365,0,988,0,41,India,Ukraine,0.05580693815987934,0.03795546558704453,0.12322754895340986,60,750
55,931,102,11,10524,446,77,408,0,1000,0,42,India,Ukraine,0.06726998491704374,0.03896761133603239,0.137744767049291,55,876
56,1075,114,13,10366,539,79,457,0,1017,0,44,India,Ukraine,0.08129713423831071,0.039979757085020245,0.15428764348413235,63,1012
57,1295,119,13,10141,701,89,505,0,1031,0,45,India,Ukraine,0.1057315233785822,0.045040485829959516,0.17049291019581364,65,1230
58,1560,127,15,9866,894,102,564,0,1042,0,46,India,Ukraine,0.134841628959276,0.05161943319838057,0.19041188386225524,72,1488
59,1819,136,17,9596,1094,120,605,0,1057,0,47,India,Ukraine,0.1650075414781297,0.06072874493927125,0.20425388251181634,77,1742
60,2064,142,17,9345,1282,138,644,0,1073,0,47,India,Ukraine,0.1933634992458522,0.06983805668016195,0.2174206617150574,86,1978
61,2274,148,20,9126,1442,143,689,0,1086,0,50,India,Ukraine,0.21749622926093515,0.07236842105263158,0.23261309925725862,88,2186
62,2452,159,22,8935,1576,158,718,0,1100,0,50,India,Ukraine,0.2377073906485671,0.07995951417004049,0.24240378122889938,92,2360
63,2683,173,23,8689,1743,171,769,0,1112,0,49,India,Ukraine,0.26289592760180996,0.08653846153846154,0.2596218771100608,96,2587
64,2953,181,23,8411,1937,198,818,0,1124,0,50,India,Ukraine,0.29215686274509806,0.10020242914979757,0.2761647535449021,102,2851
65,3209,189,23,8147,2110,227,872,0,1137,0,52,India,Ukraine,0.31825037707390647,0.11487854251012146,0.29439567859554355,101,3108
66,3409,197,24,7938,2255,250,904,0,1154,0,53,India,Ukraine,0.3401206636500754,0.12651821862348178,0.30519918973666443,102,3307
67,3639,214,25,7690,2398,269,972,0,1166,0,56,India,Ukraine,0.3616892911010558,0.1361336032388664,0.3281566509115463,104,3535
68,3834,225,27,7482,2511,283,1040,0,1185,0,57,India,Ukraine,0.37873303167420813,0.14321862348178138,0.35111411208642807,105,3729
69,3970,248,28,7322,2584,291,1095,0,1197,0,58,India,Ukraine,0.38974358974358975,0.14726720647773278,0.36968264686022956,102,3868
70,4087,280,29,7172,2643,305,1139,0,1208,0,58,India,Ukraine,0.3986425339366516,0.15435222672064777,0.38453747467927074,97,3990
71,4197,303,32,7036,2684,320,1193,0,1226,0,57,India,Ukraine,0.4048265460030166,0.16194331983805668,0.40276839972991224,97,4100
72,4305,327,34,6902,2732,334,1239,0,1240,0,58,India,Ukraine,0.41206636500754146,0.16902834008097167,0.41829844699527347,101,4204
73,4408,363,37,6760,2778,344,1286,0,1255,0,58,India,Ukraine,0.41900452488687784,0.17408906882591094,0.43416610398379474,99,4309
74,4519,405,44,6600,2816,354,1349,0,1267,0,60,India,Ukraine,0.42473604826546,0.1791497975708502,0.45543551654287645,95,4424
75,4635,442,48,6443,2869,368,1398,0,1276,0,59,India,China,0.4327300150829563,0.1862348178137652,0.47197839297771776,85,4550
76,4702,511,57,6298,2884,370,1448,0,1288,0,60,India,China,0.4349924585218703,0.18724696356275303,0.4888588791357191,82,4620
77,4764,585,66,6153,2904,368,1492,0,1308,0,60,India,India,0.43800904977375565,0.1862348178137652,0.5037137069547603,77,4687
78,4804,664,74,6026,2902,373,1529,0,1327,0,61,India,India,0.4377073906485671,0.1887651821862348,0.5162052667116813,79,4725
79,4825,752,87,5904,2888,375,1562,0,1337,0,61,India,India,0.43559577677224737,0.18977732793522267,0.5273463875759622,72,4753
80,4841,837,98,5792,2868,381,1592,0,1353,0,62,India,India,0.432579185520362,0.19281376518218624,0.537474679270763,73,4768
81,4815,939,110,5704,2827,379,1609,0,1367,0,63,India,India,0.42639517345399697,0.19180161943319837,0.5432140445644834,72,4743
82,4769,1047,126,5626,2773,379,1617,0,1379,0,64,India,India,0.4182503770739065,0.19180161943319837,0.5459149223497637,73,4696
83,4706,1173,140,5549,2711,380,1615,0,1387,0,65,India,India,0.40889894419306183,0.19230769230769232,0.5452397029034436,70,4636
84,4626,1298,155,5489,2647,380,1599,0,1397,0,65,India,India,0.3992458521870287,0.19230769230769232,0.5398379473328832,68,4558
85,4557,1421,167,5423,2578,384,1595,0,1411,0,64,India,India,0.38883861236802414,0.19433198380566802,0.5384875084402431,66,4491
86,4496,1533,178,5361,2527,376,1593,0,1422,0,66,China,India,0.3811463046757164,0.1902834008097166,0.537812288993923,55,4441
87,4411,1673,190,5294,2452,378,1581,0,1434,0,67,China,India,0.3698340874811463,0.19129554655870445,0.5337609723160027,48,4363
88,4310,1827,202,5229,2376,381,1553,0,1455,0,67,China,India,0.3583710407239819,0.19281376518218624,0.5243079000675219,49,4261
89,4208,1972,227,5161,2301,374,1533,0,1468,0,67,China,India,0.34705882352941175,0.18927125506072875,0.5175557056043214,43,4165
90,4137,2113,238,5080,2231,378,1528,0,1487,0,68,China,India,0.336500754147813,0.19129554655870445,0.5158676569885212,42,4095
91,4050,2265,251,5002,2147,373,1530,0,1501,0,68,China,India,0.32383107088989443,0.1887651821862348,0.5165428764348413,40,4010
92,3970,2410,269,4919,2084,372,1514,0,1512,0,72,China,India,0.3143288084464555,0.1882591093117409,0.5111411208642809,37,3933
93,3873,2569,290,4836,2027,365,1481,0,1526,0,73,China,India,0.3057315233785822,0.1847165991902834,0.5,32,3841
94,3748,2753,310,4757,1946,359,1443,0,1542,0,71,China,India,0.29351432880844647,0.18168016194331985,0.487170830519919,30,3718
95,3653,2896,333,4686,1871,353,1429,0,1553,0,72,China,India,0.2822021116138763,0.17864372469635628,0.4824442943956786,26,3627
96,3530,3057,354,4627,1771,351,1408,0,1565,0,70,China,India,0.26711915535444947,0.17763157894736842,0.475354490209318,25,3505
97,3434,3187,370,4577,1707,350,1377,0,1579,0,72,China,India,0.25746606334841626,0.1771255060728745,0.4648885887913572,22,3412
98,3315,3336,386,4531,1621,352,1342,0,1603,0,73,China,India,0.2444947209653092,0.17813765182186234,0.4530722484807562,26,3289
99,3178,3500,403,4487,1548,344,1286,0,1620,0,73,China,India,0.2334841628959276,0.17408906882591094,0.43416610398379474,22,3156
100,3062,3642,428,4436,1471,335,1256,0,1640,0,76,China,India,0.22187028657616892,0.1695344129554656,0.4240378122889939,22,3040
101,2947,3784,448,4389,1404,339,1204,0,1659,0,77,China,India,0.21176470588235294,0.1715587044534413,0.4064821066846725,23,2924
102,2842,3917,465,4344,1336,341,1165,0,1671,0,78,China,India,0.2015082956259427,0.17257085020242915,0.39331532748143144,23,2819
103,2744,4051,477,4296,1271,350,1123,0,1682,0,80,China,India,0.19170437405731525,0.1771255060728745,0.37913571910871036,23,2721
104,2617,4194,487,4270,1190,347,1080,0,1694,0,78,China,India,0.1794871794871795,0.17560728744939272,0.36461850101282917,22,2595
105,2498,4321,506,4243,1116,345,1037,0,1703,0,76,China,India,0.16832579185520363,0.17459514170040485,0.35010128291694803,20,2478
106,2364,4470,521,4213,1049,334,981,0,1716,0,76,China,India,0.15822021116138762,0.16902834008097167,0.3311951384199865,17,2347
107,2254,4575,541,4198,980,324,950,0,1725,0,76,China,India,0.1478129713423831,0.16396761133603238,0.32072923700202566,13,2241
108,2165,4677,546,4180,942,315,908,0,1738,0,76,China,India,0.1420814479638009,0.15941295546558704,0.3065496286293045,14,2151
109,2068,4788,552,4160,889,312,867,0,1759,0,74,China,India,0.13408748114630467,0.15789473684210525,0.2927076299797434,10,2058
110,1963,4892,566,4147,839,308,816,0,1778,0,72,China,India,0.12654600301659125,0.15587044534412955,0.275489534098582,9,1954
111,1872,4994,572,4130,796,301,775,0,1794,0,72,China,India,0.12006033182503771,0.15232793522267207,0.2616475354490209,8,1864
112,1787,5084,588,4109,752,297,738,0,1809,0,72,China,India,0.1134238310708899,0.15030364372469635,0.24915597569209993,9,1778
113,1690,5193,597,4088,712,294,684,0,1824,0,69,China,India,0.10739064856711915,0.14878542510121456,0.23092505064145846,8,1682
114,1611,5286,608,4063,675,293,643,0,1838,0,70,China,India,0.10180995475113122,0.14827935222672065,0.21708305199189737,7,1604
115,1537,5377,613,4041,640,287,610,0,1851,0,70,China,India,0.09653092006033183,0.14524291497975708,0.20594193112761647,7,1530
116,1464,5469,618,4017,605,286,573,0,1867,0,69,China,India,0.09125188536953242,0.14473684210526316,0.19345037137069548,6,1458
117,1404,5542,628,3994,583,276,545,0,1877,0,66,China,India,0.08793363499245853,0.1396761133603239,0.1839972991222147,4,1400
118,1348,5627,639,3954,558,273,517,0,1889,0,64,China,India,0.08416289592760182,0.13815789473684212,0.17454422687373397,5,1343
119,1289,5699,648,3932,533,271,485,0,1899,0,61,China,India,0.0803921568627451,0.13714574898785425,0.1637407157326131,5,1284
120,1243,5761,656,3908,521,270,452,0,1917,0,59,China,India,0.07858220211161387,0.13663967611336034,0.15259959486833222,4,1239
121,1185,5836,663,3884,499,256,430,0,1931,0,59,China,India,0.07526395173453997,0.12955465587044535,0.14517218095881163,4,1181
122,1140,5901,668,3859,480,247,413,0,1943,0,58,China,India,0.07239819004524888,0.125,0.13943281566509116,5,1135
123,1105,5952,673,3838,468,239,398,0,1957,0,58,China,India,0.07058823529411765,0.12095141700404859,0.13436866981769074,5,1100
124,1076,5999,677,3816,459,234,383,0,1969,0,57,China,India,0.06923076923076923,0.11842105263157894,0.12930452397029035,5,1071
125,1048,6046,682,3792,444,234,370,0,1987,0,57,China,India,0.0669683257918552,0.11842105263157894,0.12491559756920999,6,1042
126,1004,6095,693,3776,415,227,362,0,2006,0,58,China,India,0.06259426847662142,0.11487854251012146,0.12221471978392978,5,999
127,970,6147,699,3752,406,221,343,0,2018,0,57,China,India,0.061236802413273,0.1118421052631579,0.11580013504388927,4,966
128,943,6191,705,3729,393,224,326,0,2030,0,56,China,India,0.05927601809954751,0.11336032388663968,0.1100607697501688,4,939
129,906,6236,712,3714,376,218,312,0,2041,0,56,China,India,0.05671191553544495,0.11032388663967611,0.10533423362592843,5,901
130,887,6285,716,3680,375,214,298,0,2056,0,56,China,India,0.05656108597285068,0.1082995951417004,0.10060769750168805,4,883
131,864,6328,719,3657,360,211,293,0,2067,0,55,Japan,India,0.05429864253393665,0.10678137651821862,0.09891964888588792,3,861
132,843,6374,723,3628,361,207,275,0,2078,0,53,Japan,India,0.05444947209653092,0.10475708502024292,0.09284267386900742,1,842
133,817,6415,728,3608,361,198,258,0,2090,0,51,Japan,India,0.05444947209653092,0.10020242914979757,0.08710330857528698,1,816
134,792,6450,733,3593,352,194,246,0,2108,0,50,Japan,India,0.0530920060331825,0.09817813765182186,0.08305199189736664,2,790
135,772,6485,737,3574,349,193,230,0,2122,0,48,Japan,India,0.0526395173453997,0.09767206477732794,0.07765023632680622,2,770
136,745,6522,741,3560,347,183,215,0,2144,0,48,Japan,India,0.05233785822021116,0.09261133603238866,0.07258609047940581,2,743
137,727,6547,742,3552,340,178,209,0,2164,0,48,Japan,India,0.05128205128205128,0.09008097165991903,0.07056043214044565,2,725
138,711,6577,746,3534,333,182,196,0,2177,0,46,Japan,India,0.050226244343891405,0.09210526315789473,0.0661715057393653,1,710
139,700,6603,751,3514,334,178,188,0,2186,0,41,Japan,India,0.05037707390648567,0.09008097165991903,0.06347062795408508,1,699
140,680,6638,752,3498,322,182,176,0,2197,0,39,Japan,India,0.04856711915535445,0.09210526315789473,0.05941931127616475,1,679
141,664,6664,760,3480,315,179,170,0,2203,0,39,Japan,India,0.04751131221719457,0.09058704453441295,0.05739365293720459,2,662
142,643,6698,761,3466,304,180,159,0,2216,0,37,Japan,India,0.045852187028657614,0.09109311740890688,0.05367994598244429,2,641
143,611,6736,766,3455,288,175,148,0,2229,0,37,Japan,India,0.04343891402714932,0.08856275303643725,0.049966239027684,1,610
144,596,6760,766,3446,282,174,140,0,2245,0,36,Japan,India,0.04253393665158371,0.08805668016194332,0.04726536124240378,1,595
145,579,6782,772,3435,275,171,133,0,2255,0,35,Egypt,India,0.04147812971342383,0.08653846153846154,0.04490209318028359,1,578
146,565,6797,773,3433,270,165,130,0,2272,0,35,Egypt,India,0.04072398190045249,0.08350202429149797,0.04388926401080351,1,564
147,555,6815,774,3424,264,165,126,0,2290,0,34,Egypt,India,0.039819004524886875,0.08350202429149797,0.042538825118163405,0,555
148,538,6838,776,3416,253,164,121,0,2306,0,34,Egypt,India,0.03815987933634993,0.08299595141700405,0.04085077650236327,0,538
149,517,6861,781,3409,242,163,112,0,2314,0,33,Egypt,India,0.036500754147812974,0.08248987854251012,0.03781228899392303,0,517
150,509,6875,781,3403,238,162,109,0,2334,0,32,Egypt,India,0.035897435897435895,0.08198380566801619,0.036799459824442944,0,509
151,489,6896,781,3402,229,156,104,0,2343,0,32,Egypt,India,0.03453996983408748,0.07894736842105263,0.035111411208642807,0,489
152,475,6916,781,3396,224,150,101,0,2352,0,32,Egypt,India,0.03378582202111614,0.07591093117408906,0.03409858203916273,0,475
153,452,6938,786,3392,213,145,94,0,2362,0,30,Egypt,India,0.03212669683257918,0.07338056680161943,0.03173531397704254,0,452
154,439,6959,787,3383,205,146,88,0,2378,0,28,Egypt,India,0.03092006033182504,0.07388663967611336,0.029709655638082377,0,439
155,430,6974,789,3375,202,144,84,0,2388,0,27,Egypt,India,0.03046757164404223,0.0728744939271255,0.02835921674544227,0,430
156,415,6995,790,3368,195,139,81,0,2395,0,26,Egypt,India,0.029411764705882353,0.07034412955465587,0.027346387575962187,0,415
157,408,7007,790,3363,189,140,79,0,2411,0,25,Egypt,India,0.02850678733031674,0.0708502024291498,0.026671168129642132,0,408
158,394,7030,790,3354,174,142,78,0,2429,0,25,Egypt,India,0.026244343891402715,0.07186234817813765,0.02633355840648211,0,394
159,380,7047,791,3350,164,141,75,0,2439,0,25,Egypt,India,0.02473604826546003,0.07135627530364372,0.025320729237002026,0,380
160,369,7066,791,3342,153,145,71,0,2454,0,25,Egypt,India,0.023076923076923078,0.07338056680161943,0.02397029034436192,0,369
161,359,7081,793,3335,150,145,64,0,2469,0,26,United States of America,India,0.02262443438914027,0.07338056680161943,0.02160702228224173,0,359
162,347,7098,794,3329,142,143,62,0,2480,0,26,United States of America,India,0.021417797888386124,0.07236842105263158,0.020931802835921675,0,347
163,340,7111,795,3322,136,145,59,0,2488,0,27,United States of America,India,0.020512820512820513,0.07338056680161943,0.019918973666441592,0,340
164,328,7125,798,3317,131,142,55,0,2507,0,26,United States of America,India,0.01975867269984917,0.07186234817813765,0.018568534773801486,0,328
165,309,7149,798,3312,118,140,51,0,2524,0,25,United States of America,India,0.01779788838612368,0.0708502024291498,0.017218095881161376,0,309
166,292,7168,799,3309,110,136,46,0,2538,0,25,United States of America,India,0.016591251885369532,0.06882591093117409,0.015530047265361242,0,292
167,280,7186,800,3302,103,137,40,0,2547,0,25,United States of America,India,0.015535444947209653,0.06933198380566802,0.01350438892640108,0,280
168,274,7199,803,3292,101,138,35,0,2560,0,24,United States of America,India,0.015233785822021116,0.06983805668016195,0.011816340310600946,0,274
169,266,7214,804,3284,95,141,30,0,2571,0,24,United States of America,India,0.014328808446455505,0.07135627530364372,0.01012829169480081,0,266
170,267,7222,804,3275,92,146,29,0,2579,0,24,United States of America,India,0.013876319758672699,0.07388663967611336,0.009790681971640782,0,267
171,258,7237,804,3269,86,146,26,0,2588,0,24,United States of America,India,0.01297134238310709,0.07388663967611336,0.008777852802160702,0,258
172,255,7247,806,3260,81,151,23,0,2598,0,24,United States of America,India,0.012217194570135747,0.076417004048583,0.007765023632680621,0,255
173,244,7261,806,3257,76,147,21,0,2618,0,23,United States of America,India,0.011463046757164403,0.07439271255060728,0.0070898041863605675,0,244
174,246,7274,807,3241,77,151,18,0,2632,0,22,United States of America,India,0.011613876319758673,0.076417004048583,0.006076975016880486,0,246
175,244,7284,808,3232,72,156,16,0,2646,0,21,United States of America,India,0.01085972850678733,0.07894736842105263,0.0054017555705604325,0,244
176,230,7300,810,3228,69,151,10,0,2660,0,20,United States of America,India,0.010407239819004524,0.076417004048583,0.00337609723160027,0,230
177,221,7311,810,3226,66,146,9,0,2673,0,20,United States of America,India,0.009954751131221719,0.07388663967611336,0.003038487508440243,0,221
178,211,7326,811,3220,60,144,7,0,2686,0,18,United States of America,India,0.00904977375565611,0.0728744939271255,0.002363268062120189,0,211
179,207,7335,811,3215,56,145,6,0,2694,0,18,United States of America,India,0.008446455505279034,0.07338056680161943,0.002025658338960162,0,207
180,206,7340,811,3211,56,145,5,0,2707,0,18,United States of America,India,0.008446455505279034,0.07338056680161943,0.001688048615800135,0,206
181,204,7344,812,3208,54,145,5,0,2715,0,18,United States of America,India,0.008144796380090498,0.07338056680161943,0.001688048615800135,0,204
182,207,7348,813,3200,54,150,3,0,2728,0,18,United States of America,India,0.008144796380090498,0.07591093117408906,0.001012829169480081,0,207
183,205,7352,814,3197,54,148,3,0,2743,0,18,United States of America,India,0.008144796380090498,0.07489878542510121,0.001012829169480081,0,205
184,204,7360,816,3188,52,149,3,0,2759,0,18,United States of America,India,0.00784313725490196,0.07540485829959515,0.001012829169480081,0,204
185,208,7365,816,3179,52,153,3,0,2779,0,18,United States of America,India,0.00784313725490196,0.07742914979757085,0.001012829169480081,0,208
186,202,7376,816,3174,51,149,2,0,2790,0,16,United States of America,India,0.007692307692307693,0.07540485829959515,6.752194463200541E-4,0,202
187,203,7383,817,3165,52,149,2,0,2808,0,15,United States of America,India,0.00784313725490196,0.07540485829959515,6.752194463200541E-4,0,203
188,195,7391,817,3165,50,143,2,0,2822,0,15,United States of America,India,0.007541478129713424,0.07236842105263158,6.752194463200541E-4,0,195
189,194,7395,818,3161,50,142,2,0,2836,0,15,United States of America,India,0.007541478129713424,0.07186234817813765,6.752194463200541E-4,0,194
190,188,7405,818,3157,50,136,2,0,2852,0,15,United States of America,India,0.007541478129713424,0.06882591093117409,6.752194463200541E-4,0,188
191,185,7411,818,3154,49,134,2,0,2863,0,15,United States of America,India,0.007390648567119155,0.06781376518218624,6.752194463200541E-4,0,185
192,185,7414,818,3151,47,136,2,0,2880,0,15,United States of America,India,0.007088989441930618,0.06882591093117409,6.752194463200541E-4,0,185
193,182,7421,819,3146,47,134,1,0,2888,0,14,United States of America,India,0.007088989441930618,0.06781376518218624,3.3760972316002703E-4,0,182
194,180,7424,820,3144,46,133,1,0,2898,0,14,United States of America,India,0.0069381598793363496,0.0673076923076923,3.3760972316002703E-4,0,180
195,176,7429,820,3143,45,130,1,0,2911,0,14,United States of America,India,0.006787330316742082,0.06578947368421052,3.3760972316002703E-4,0,176
196,171,7439,821,3137,45,125,1,0,2920,0,14,United States of America,India,0.006787330316742082,0.06325910931174089,3.3760972316002703E-4,0,171
197,173,7444,821,3130,48,124,1,0,2931,0,13,United States of America,India,0.007239819004524887,0.06275303643724696,3.3760972316002703E-4,0,173
198,165,7453,821,3129,47,118,0,0,2943,0,12,United States of America,India,0.007088989441930618,0.0597165991902834,0,0,165
199,162,7461,821,3124,44,118,0,0,2953,0,12,United States of America,India,0.006636500754147813,0.0597165991902834,0,0,162
200,159,7469,821,3119,43,116,0,0,2969,0,11,United States of America,India,0.006485671191553545,0.058704453441295545,0,0,159
201,156,7475,821,3116,43,113,0,0,2985,0,11,United States of America,India,0.006485671191553545,0.057186234817813764,0,0,156
202,151,7480,822,3115,43,108,0,0,2995,0,11,United States of America,India,0.006485671191553545,0.05465587044534413,0,0,151
203,137,7494,824,3113,39,98,0,0,3007,0,11,United States of America,India,0.0058823529411764705,0.04959514170040486,0,0,137
204,136,7499,824,3109,40,96,0,0,3013,0,11,United States of America,India,0.006033182503770739,0.048582995951417005,0,0,136
205,134,7503,824,3107,41,93,0,0,3024,0,11,United States of America,India,0.006184012066365007,0.04706477732793522,0,0,134
206,130,7508,826,3104,44,86,0,0,3036,0,11,United States of America,India,0.006636500754147813,0.043522267206477734,0,0,130
207,123,7514,828,3103,43,80,0,0,3046,0,10,United States of America,India,0.006485671191553545,0.04048582995951417,0,0,123
208,123,7517,828,3100,45,78,0,0,3063,0,10,United States of America,India,0.006787330316742082,0.039473684210526314,0,0,123
209,119,7523,828,3098,44,75,0,0,3076,0,10,United States of America,India,0.006636500754147813,0.03795546558704453,0,0,119
210,113,7532,829,3094,44,69,0,0,3096,0,10,United States of America,India,0.006636500754147813,0.034919028340080975,0,0,113
211,110,7538,829,3091,45,65,0,0,3115,0,10,United States of America,India,0.006787330316742082,0.03289473684210526,0,0,110
212,113,7541,830,3084,47,66,0,0,3126,0,10,United States of America,India,0.007088989441930618,0.03340080971659919,0,0,113
213,110,7544,830,3084,47,63,0,0,3139,0,10,United States of America,India,0.007088989441930618,0.03188259109311741,0,0,110
214,107,7548,830,3083,48,59,0,0,3146,0,10,United States of America,India,0.007239819004524887,0.0298582995951417,0,0,107
215,101,7556,830,3081,45,56,0,0,3157,0,10,United States of America,India,0.006787330316742082,0.02834008097165992,0,0,101
216,97,7561,830,3080,43,54,0,0,3161,0,10,United States of America,India,0.006485671191553545,0.027327935222672066,0,0,97
217,94,7567,831,3076,43,51,0,0,3176,0,10,United States of America,India,0.006485671191553545,0.025809716599190284,0,0,94
218,93,7570,831,3074,43,50,0,0,3188,0,10,United States of America,India,0.006485671191553545,0.025303643724696356,0,0,93
219,89,7577,831,3071,45,44,0,0,3200,0,9,United States of America,India,0.006787330316742082,0.022267206477732792,0,0,89
220,91,7578,831,3068,45,46,0,0,3218,0,9,United States of America,India,0.006787330316742082,0.02327935222672065,0,0,91
221,88,7583,832,3065,45,43,0,0,3235,0,8,United States of America,India,0.006787330316742082,0.021761133603238867,0,0,88
222,84,7586,833,3065,43,41,0,0,3246,0,8,United States of America,India,0.006485671191553545,0.020748987854251014,0,0,84
223,81,7589,833,3065,41,40,0,0,3257,0,7,United States of America,India,0.006184012066365007,0.020242914979757085,0,0,81
224,78,7592,834,3064,40,38,0,0,3265,0,7,United States of America,India,0.006033182503770739,0.019230769230769232,0,0,78
225,80,7594,834,3060,43,37,0,0,3275,0,6,United States of America,India,0.006485671191553545,0.018724696356275303,0,0,80
226,80,7598,834,3056,44,36,0,0,3292,0,6,United States of America,India,0.006636500754147813,0.018218623481781375,0,0,80
227,79,7601,834,3054,44,35,0,0,3308,0,6,United States of America,India,0.006636500754147813,0.01771255060728745,0,0,79
228,78,7603,835,3052,41,37,0,0,3325,0,6,United States of America,India,0.006184012066365007,0.018724696356275303,0,0,78
229,76,7606,835,3051,39,37,0,0,3337,0,6,United States of America,India,0.0058823529411764705,0.018724696356275303,0,0,76
230,74,7609,835,3050,38,36,0,0,3354,0,6,United States of America,India,0.005731523378582202,0.018218623481781375,0,0,74
231,73,7611,835,3049,37,36,0,0,3364,0,6,United States of America,India,0.005580693815987934,0.018218623481781375,0,0,73
232,72,7615,835,3046,36,36,0,0,3382,0,6,United States of America,India,0.005429864253393665,0.018218623481781375,0,0,72
233,75,7616,835,3042,38,37,0,0,3391,0,6,United States of America,India,0.005731523378582202,0.018724696356275303,0,0,75
234,74,7620,835,3039,40,34,0,0,3399,0,6,United States of America,India,0.006033182503770739,0.01720647773279352,0,0,74
235,79,7621,835,3033,41,38,0,0,3406,0,6,United States of America,India,0.006184012066365007,0.019230769230769232,0,0,79
236,76,7624,835,3033,39,37,0,0,3419,0,6,United States of America,India,0.0058823529411764705,0.018724696356275303,0,0,76
237,74,7628,835,3031,39,35,0,0,3433,0,5,United States of America,India,0.0058823529411764705,0.01771255060728745,0,0,74
238,75,7632,835,3026,38,37,0,0,3445,0,5,United States of America,India,0.005731523378582202,0.018724696356275303,0,0,75
239,73,7635,836,3024,37,36,0,0,3458,0,5,United States of America,India,0.005580693815987934,0.018218623481781375,0,0,73
240,73,7638,836,3021,38,35,0,0,3475,0,5,United States of America,India,0.005731523378582202,0.01771255060728745,0,0,73
241,73,7642,836,3017,41,32,0,0,3486,0,5,United States of America,India,0.006184012066365007,0.016194331983805668,0,0,73
242,73,7642,838,3015,41,32,0,0,3493,0,5,United States of America,India,0.006184012066365007,0.016194331983805668,0,0,73
243,73,7643,838,3014,41,32,0,0,3510,0,5,United States of America,India,0.006184012066365007,0.016194331983805668,0,0,73
244,72,7646,839,3011,40,32,0,0,3522,0,5,United States of America,India,0.006033182503770739,0.016194331983805668,0,0,72
245,71,7647,839,3011,39,32,0,0,3536,0,5,United States of America,India,0.0058823529411764705,0.016194331983805668,0,0,71
246,72,7648,839,3009,39,33,0,0,3547,0,5,United States of America,India,0.0058823529411764705,0.016700404858299597,0,0,72
247,73,7649,839,3007,40,33,0,0,3564,0,5,United States of America,India,0.006033182503770739,0.016700404858299597,0,0,73
248,72,7650,839,3007,39,33,0,0,3579,0,5,United States of America,India,0.0058823529411764705,0.016700404858299597,0,0,72
249,70,7653,839,3006,39,31,0,0,3593,0,5,United States of America,India,0.0058823529411764705,0.01568825910931174,0,0,70
250,72,7654,839,3003,39,33,0,0,3601,0,5,United States of America,India,0.0058823529411764705,0.016700404858299597,0,0,72
251,74,7657,839,2998,40,34,0,0,3615,0,5,United States of America,India,0.006033182503770739,0.01720647773279352,0,0,74
252,73,7660,839,2996,40,33,0,0,3626,0,4,United States of America,India,0.006033182503770739,0.016700404858299597,0,0,73
253,74,7661,840,2993,41,33,0,0,3640,0,4,United States of America,India,0.006184012066365007,0.016700404858299597,0,0,74
254,79,7662,840,2987,44,35,0,0,3656,0,4,United States of America,India,0.006636500754147813,0.01771255060728745,0,0,79
255,82,7662,840,2984,45,37,0,0,3671,0,4,United States of America,India,0.006787330316742082,0.018724696356275303,0,0,82
256,78,7667,840,2983,41,37,0,0,3680,0,4,United States of America,India,0.006184012066365007,0.018724696356275303,0,0,78
257,78,7669,841,2980,41,37,0,0,3690,0,4,United States of America,India,0.006184012066365007,0.018724696356275303,0,0,78
258,79,7671,842,2976,43,36,0,0,3700,0,4,United States of America,India,0.006485671191553545,0.018218623481781375,0,0,79
259,82,7673,842,2971,45,37,0,0,3713,0,4,United States of America,India,0.006787330316742082,0.018724696356275303,0,0,82
260,80,7676,842,2970,44,36,0,0,3731,0,4,United States of America,India,0.006636500754147813,0.018218623481781375,0,0,80
261,78,7680,842,2968,42,36,0,0,3743,0,4,United States of America,India,0.006334841628959276,0.018218623481781375,0,0,78
262,78,7683,842,2965,41,37,0,0,3758,0,4,United States of America,India,0.006184012066365007,0.018724696356275303,0,0,78
263,78,7686,843,2961,43,35,0,0,3767,0,4,United States of America,India,0.006485671191553545,0.01771255060728745,0,0,78
264,79,7686,843,2960,44,35,0,0,3781,0,4,United States of America,India,0.006636500754147813,0.01771255060728745,0,0,79
265,76,7690,843,2959,42,34,0,0,3795,0,4,United States of America,India,0.006334841628959276,0.01720647773279352,0,0,76
266,75,7691,843,2959,42,33,0,0,3812,0,4,United States of America,India,0.006334841628959276,0.016700404858299597,0,0,75
267,76,7692,843,2957,43,33,0,0,3828,0,4,United States of America,India,0.006485671191553545,0.016700404858299597,0,0,76
268,78,7694,843,2953,47,31,0,0,3837,0,4,United States of America,India,0.007088989441930618,0.01568825910931174,0,0,78
269,76,7696,843,2953,47,29,0,0,3849,0,4,United States of America,India,0.007088989441930618,0.014676113360323886,0,0,76
270,75,7698,843,2952,48,27,0,0,3863,0,4,United States of America,India,0.007239819004524887,0.013663967611336033,0,0,75
271,74,7700,843,2951,47,27,0,0,3876,0,4,United States of America,India,0.007088989441930618,0.013663967611336033,0,0,74
272,75,7700,843,2950,48,27,0,0,3890,0,4,United States of America,India,0.007239819004524887,0.013663967611336033,0,0,75
273,74,7702,843,2949,47,27,0,0,3904,0,4,United States of America,India,0.007088989441930618,0.013663967611336033,0,0,74
274,74,7704,843,2947,47,27,0,0,3919,0,4,United States of America,India,0.007088989441930618,0.013663967611336033,0,0,74
275,77,7704,843,2944,48,29,0,0,3932,0,4,United States of America,India,0.007239819004524887,0.014676113360323886,0,0,77
276,74,7704,846,2944,47,27,0,0,3942,0,4,United States of America,India,0.007088989441930618,0.013663967611336033,0,0,74
277,74,7706,846,2942,47,27,0,0,3956,0,4,United States of America,India,0.007088989441930618,0.013663967611336033,0,0,74
278,71,7709,846,2942,45,26,0,0,3969,0,4,United States of America,India,0.006787330316742082,0.013157894736842105,0,0,71
279,70,7711,846,2941,43,27,0,0,3986,0,4,United States of America,India,0.006485671191553545,0.013663967611336033,0,0,70
280,68,7714,846,2940,42,26,0,0,3998,0,4,United States of America,India,0.006334841628959276,0.013157894736842105,0,0,68
281,68,7714,846,2940,42,26,0,0,4010,0,4,United States of America,India,0.006334841628959276,0.013157894736842105,0,0,68
282,66,7718,846,2938,40,26,0,0,4021,0,4,United States of America,India,0.006033182503770739,0.013157894736842105,0,0,66
283,65,7720,846,2937,40,25,0,0,4034,0,4,United States of America,India,0.006033182503770739,0.012651821862348178,0,0,65
284,61,7725,846,2936,36,25,0,0,4042,0,4,United States of America,India,0.005429864253393665,0.012651821862348178,0,0,61
285,60,7727,846,2935,37,23,0,0,4056,0,4,United States of America,India,0.005580693815987934,0.011639676113360324,0,0,60
286,56,7731,847,2934,32,24,0,0,4066,0,4,United States of America,India,0.0048265460030165915,0.012145748987854251,0,0,56
287,56,7732,847,2933,33,23,0,0,4081,0,4,United States of America,India,0.004977375565610859,0.011639676113360324,0,0,56
288,52,7736,847,2933,31,21,0,0,4090,0,4,United States of America,India,0.004675716440422323,0.01062753036437247,0,0,52
289,51,7738,847,2932,29,22,0,0,4102,0,4,United States of America,India,0.004374057315233786,0.011133603238866396,0,0,51
290,52,7740,848,2928,28,24,0,0,4114,0,4,United States of America,India,0.004223227752639517,0.012145748987854251,0,0,52
291,49,7743,849,2927,26,23,0,0,4127,0,5,United States of America,India,0.00392156862745098,0.011639676113360324,0,0,49
292,44,7749,849,2926,22,22,0,0,4144,0,5,United States of America,India,0.0033182503770739064,0.011133603238866396,0,0,44
293,45,7750,849,2924,23,22,0,0,4154,0,5,United States of America,India,0.0034690799396681748,0.011133603238866396,0,0,45
294,47,7750,849,2922,24,23,0,0,4171,0,5,United States of America,India,0.0036199095022624436,0.011639676113360324,0,0,47
295,43,7755,849,2921,23,20,0,0,4187,0,5,United States of America,India,0.0034690799396681748,0.010121457489878543,0,0,43
296,43,7756,849,2920,23,20,0,0,4200,0,5,United States of America,India,0.0034690799396681748,0.010121457489878543,0,0,43
297,43,7758,850,2917,23,20,0,0,4215,0,5,United States of America,India,0.0034690799396681748,0.010121457489878543,0,0,43
298,43,7759,850,2916,24,19,0,0,4226,0,5,United States of America,India,0.0036199095022624436,0.009615384615384616,0,0,43
299,37,7764,851,2916,19,18,0,0,4232,0,5,United States of America,India,0.002865761689291101,0.009109311740890687,0,0,37
300,38,7764,851,2915,20,18,0,0,4245,0,5,United States of America,India,0.0030165912518853697,0.009109311740890687,0,0,38
301,36,7766,852,2914,21,15,0,0,4255,0,5,United States of America,India,0.003167420814479638,0.0075910931174089065,0,0,36
302,34,7767,853,2914,19,15,0,0,4267,0,5,United States of America,India,0.002865761689291101,0.0075910931174089065,0,0,34
303,35,7767,853,2913,19,16,0,0,4280,0,5,United States of America,India,0.002865761689291101,0.008097165991902834,0,0,35
304,34,7768,853,2913,18,16,0,0,4292,0,5,United States of America,India,0.0027149321266968325,0.008097165991902834,0,0,34
305,32,7771,853,2912,16,16,0,0,4307,0,5,United States of America,India,0.0024132730015082957,0.008097165991902834,0,0,32
306,30,7774,853,2911,14,16,0,0,4318,0,5,United States of America,India,0.0021116138763197585,0.008097165991902834,0,0,30
307,33,7774,853,2908,14,19,0,0,4334,0,5,United States of America,India,0.0021116138763197585,0.009615384615384616,0,0,33
308,33,7775,853,2907,14,19,0,0,4347,0,5,United States of America,India,0.0021116138763197585,0.009615384615384616,0,0,33
309,34,7775,853,2906,14,20,0,0,4362,0,5,United States of America,India,0.0021116138763197585,0.010121457489878543,0,0,34
310,34,7776,853,2905,13,21,0,0,4377,0,5,United States of America,India,0.00196078431372549,0.01062753036437247,0,0,34
311,34,7776,853,2905,13,21,0,0,4388,0,5,United States of America,India,0.00196078431372549,0.01062753036437247,0,0,34
312,34,7778,853,2903,11,23,0,0,4403,0,5,United States of America,India,0.0016591251885369532,0.011639676113360324,0,0,34
313,34,7779,853,2902,10,24,0,0,4424,0,5,United States of America,India,0.0015082956259426848,0.012145748987854251,0,0,34
314,33,7782,853,2900,8,25,0,0,4435,0,4,United States of America,India,0.0012066365007541479,0.012651821862348178,0,0,33
315,34,7782,853,2899,8,26,0,0,4446,0,4,United States of America,India,0.0012066365007541479,0.013157894736842105,0,0,34
316,33,7783,853,2899,8,25,0,0,4469,0,4,United States of America,India,0.0012066365007541479,0.012651821862348178,0,0,33
317,33,7784,853,2898,8,25,0,0,4480,0,4,United States of America,India,0.0012066365007541479,0.012651821862348178,0,0,33
318,34,7784,853,2897,8,26,0,0,4490,0,4,United States of America,India,0.0012066365007541479,0.013157894736842105,0,0,34
319,34,7785,853,2896,8,26,0,0,4505,0,3,United States of America,India,0.0012066365007541479,0.013157894736842105,0,0,34
320,31,7788,853,2896,7,24,0,0,4513,0,3,United States of America,India,0.0010558069381598793,0.012145748987854251,0,0,31
321,30,7789,853,2896,7,23,0,0,4522,0,3,United States of America,India,0.0010558069381598793,0.011639676113360324,0,0,30
322,30,7789,853,2896,7,23,0,0,4539,0,3,United States of America,India,0.0010558069381598793,0.011639676113360324,0,0,30
323,30,7789,853,2896,7,23,0,0,4550,0,3,United States of America,India,0.0010558069381598793,0.011639676113360324,0,0,30
324,30,7790,853,2895,7,23,0,0,4566,0,3,United States of America,India,0.0010558069381598793,0.011639676113360324,0,0,30
325,31,7790,853,2894,8,23,0,0,4585,0,3,United States of America,India,0.0012066365007541479,0.011639676113360324,0,0,31
326,30,7790,854,2894,8,22,0,0,4598,0,3,United States of America,India,0.0012066365007541479,0.011133603238866396,0,0,30
327,28,7792,854,2894,7,21,0,0,4616,0,3,United States of America,India,0.0010558069381598793,0.01062753036437247,0,0,28
328,26,7795,854,2893,6,20,0,0,4629,0,2,United States of America,India,9.049773755656109E-4,0.010121457489878543,0,0,26
329,27,7795,854,2892,7,20,0,0,4646,0,3,United States of America,India,0.0010558069381598793,0.010121457489878543,0,0,27
330,25,7797,854,2892,7,18,0,0,4656,0,3,United States of America,India,0.0010558069381598793,0.009109311740890687,0,0,25
331,24,7797,855,2892,7,17,0,0,4668,0,3,United States of America,India,0.0010558069381598793,0.00860323886639676,0,0,24
332,22,7800,855,2891,5,17,0,0,4678,0,3,United States of America,India,7.541478129713424E-4,0.00860323886639676,0,0,22
333,22,7800,855,2891,5,17,0,0,4693,0,3,United States of America,India,7.541478129713424E-4,0.00860323886639676,0,0,22
334,20,7802,855,2891,3,17,0,0,4713,0,3,United States of America,India,4.5248868778280545E-4,0.00860323886639676,0,0,20
335,18,7805,855,2890,3,15,0,0,4722,0,3,United States of America,India,4.5248868778280545E-4,0.0075910931174089065,0,0,18
336,18,7805,855,2890,3,15,0,0,4733,0,3,United States of America,India,4.5248868778280545E-4,0.0075910931174089065,0,0,18
337,17,7806,855,2890,3,14,0,0,4746,0,3,United States of America,India,4.5248868778280545E-4,0.00708502024291498,0,0,17
338,17,7806,855,2890,3,14,0,0,4760,0,3,United States of America,India,4.5248868778280545E-4,0.00708502024291498,0,0,17
339,16,7807,855,2890,3,13,0,0,4776,0,3,United States of America,India,4.5248868778280545E-4,0.006578947368421052,0,0,16
340,15,7808,855,2890,3,12,0,0,4787,0,3,United States of America,India,4.5248868778280545E-4,0.006072874493927126,0,0,15
341,14,7809,855,2890,3,11,0,0,4805,0,3,United States of America,India,4.5248868778280545E-4,0.005566801619433198,0,0,14
342,14,7809,855,2890,3,11,0,0,4817,0,3,United States of America,India,4.5248868778280545E-4,0.005566801619433198,0,0,14
343,14,7809,855,2890,3,11,0,0,4826,0,3,United States of America,India,4.5248868778280545E-4,0.005566801619433198,0,0,14
344,14,7809,855,2890,3,11,0,0,4845,0,3,United States of America,India,4.5248868778280545E-4,0.005566801619433198,0,0,14
345,14,7810,855,2889,3,11,0,0,4852,0,3,United States of America,India,4.5248868778280545E-4,0.005566801619433198,0,0,14
346,13,7811,855,2889,3,10,0,0,4863,0,3,United States of America,India,4.5248868778280545E-4,0.005060728744939271,0,0,13
347,10,7814,855,2889,1,9,0,0,4875,0,2,United States of America,India,1.5082956259426848E-4,0.004554655870445344,0,0,10
348,10,7815,855,2888,0,10,0,0,4884,0,1,United States of America,India,0,0.005060728744939271,0,0,10
349,10,7815,855,2888,0,10,0,0,4898,0,1,United States of America,India,0,0.005060728744939271,0,0,10
350,10,7815,855,2888,0,10,0,0,4917,0,1,United States of America,India,0,0.005060728744939271,0,0,10
351,9,7816,855,2888,0,9,0,0,4935,0,1,United States of America,India,0,0.004554655870445344,0,0,9
352,8,7817,855,2888,0,8,0,0,4950,0,1,United States of America,India,0,0.004048582995951417,0,0,8
353,9,7817,855,2887,0,9,0,0,4958,0,1,United States of America,India,0,0.004554655870445344,0,0,9
354,8,7817,856,2887,0,8,0,0,4976,0,1,United States of America,India,0,0.004048582995951417,0,0,8
355,7,7818,856,2887,0,7,0,0,4988,0,1,United States of America,India,0,0.00354251012145749,0,0,7
356,7,7818,856,2887,0,7,0,0,5004,0,1,United States of America,India,0,0.00354251012145749,0,0,7
357,7,7818,856,2887,0,7,0,0,5014,0,1,United States of America,India,0,0.00354251012145749,0,0,7
358,7,7818,856,2887,0,7,0,0,5026,0,1,United States of America,India,0,0.00354251012145749,0,0,7
359,7,7818,856,2887,0,7,0,0,5035,0,1,United States of America,India,0,0.00354251012145749,0,0,7
360,7,7818,856,2887,0,7,0,0,5046,0,1,United States of America,India,0,0.00354251012145749,0,0,7
361,6,7819,856,2887,0,6,0,0,5055,0,1,United States of America,India,0,0.003036437246963563,0,0,6
362,6,7819,856,2887,0,6,0,0,5071,0,1,United States of America,India,0,0.003036437246963563,0,0,6
363,6,7819,856,2887,0,6,0,0,5088,0,1,United States of America,India,0,0.003036437246963563,0,0,6
364,6,7819,856,2887,0,6,0,0,5095,0,1,United States of America,India,0,0.003036437246963563,0,0,6
365,4,7821,856,2887,0,4,0,0,5108,0,1,United States of America,India,0,0.0020242914979757085,0,0,4
